<?xml version="1.0" encoding="UTF-8"?>
<project-private xmlns="http://www.netbeans.org/ns/project-private/1">
    <editor-bookmarks xmlns="http://www.netbeans.org/ns/editor-bookmarks/2" lastBookmarkId="0"/>
    <open-files xmlns="http://www.netbeans.org/ns/projectui-open-files/2">
        <group>
            <file>file:/home/pablo/Escritorio/Clases%20de%20POO%20Pablo/Año%202022/Alumnos%20TP/Trabajo%20Practico%205/Emilia%20Fernanda%20Nuñez/TP5_Nuñez_2022/src/tp5_nuñez_2022/Alumno.java</file>
            <file>file:/home/pablo/Escritorio/Clases%20de%20POO%20Pablo/Año%202022/Alumnos%20TP/Trabajo%20Practico%205/Emilia%20Fernanda%20Nuñez/TP5_Nuñez_2022/src/tp5_nuñez_2022/TP5_Nuñez_2022.java</file>
            <file>file:/home/pablo/Escritorio/Clases%20de%20POO%20Pablo/Año%202022/Alumnos%20TP/Trabajo%20Practico%205/Emilia%20Fernanda%20Nuñez/TP5_Nuñez_2022/src/tp5_nuñez_2022/Frame.java</file>
        </group>
    </open-files>
</project-private>
