<?xml version="1.0" encoding="UTF-8"?>
<project-private xmlns="http://www.netbeans.org/ns/project-private/1">
    <editor-bookmarks xmlns="http://www.netbeans.org/ns/editor-bookmarks/2" lastBookmarkId="0"/>
    <open-files xmlns="http://www.netbeans.org/ns/projectui-open-files/2">
        <group>
            <file>file:/home/emi/NetBeansProjects/TP8_Nuñez_Emilia/src/tp8_nuñez_emilia/Frame.java</file>
            <file>file:/home/emi/NetBeansProjects/TP8_Nuñez_Emilia/src/tp8_nuñez_emilia/Animal.java</file>
            <file>file:/home/emi/NetBeansProjects/TP8_Nuñez_Emilia/src/tp8_nuñez_emilia/TP8_Nuñez_Emilia.java</file>
            <file>file:/home/emi/NetBeansProjects/TP8_Nuñez_Emilia/src/tp8_nuñez_emilia/Perro.java</file>
        </group>
    </open-files>
</project-private>
